"a";"laltitude";"longitude";"speed";"speedAcc";"direction";"directAcc";"vilocity";"x";"y";"z";"mark";"created_at"
"9209";"35.7003";"-0.649561";"5.54067";"20";"354.489";"10";"0.142572";"-0.536301";"4.5825";"7.71412";"0";"1597565877756"
"9210";"35.7003";"-0.649561";"5.54067";"20";"354.489";"10";"0";"0";"0";"0";"0";"1597565880358"
"9211";"35.6845";"-0.646428";"0";"0";"0";"0";"0.147834";"-0.943315";"-0.0143652";"6.67982";"0";"1598172749837"
"9212";"35.6847";"-0.646585";"0.0142648";"0";"322.11";"0";"0.179221";"1.10612";"-0.0191536";"7.47949";"0";"1598172753364"
"9213";"35.6848";"-0.646534";"2.64586";"20";"314.817";"10";"0.0842508";"-0.938527";"1.08697";"10.3046";"0";"1598172754572"
"9214";"35.6849";"-0.646706";"7.7219";"20";"320.25";"10";"0.199134";"-0.847547";"1.08218";"13.058";"0";"1598172755498"
"9215";"35.685";"-0.64679";"9.80214";"20";"322.134";"10";"0.0513114";"-0.579397";"1.83875";"9.07402";"0";"1598172755832"
"9216";"35.6851";"-0.646907";"11.2499";"20";"330.702";"10";"0.0675648";"-0.435745";"0.751779";"9.10275";"0";"1598172757534"
"9217";"35.6852";"-0.646945";"10.7369";"20";"335.33";"10";"0.0407152";"-0.584185";"1.17795";"9.09797";"0";"1598172758507"
"9218";"35.6853";"-0.646965";"9.97267";"20";"338.41";"10";"0.0242917";"-0.229843";"0.876278";"9.83059";"0";"1598172759587"
"9219";"35.6854";"-0.646988";"9.33219";"20";"339.116";"10";"0.0952449";"-0.502782";"0.234632";"9.27993";"0";"1598172760541"
"9220";"35.6855";"-0.647007";"8.82285";"20";"340.088";"10";"0.109678";"-0.167594";"0.68953";"9.35654";"0";"1598172761567"
"9221";"35.6855";"-0.647024";"8.75238";"20";"341.966";"10";"0.0516448";"0.0143652";"0.186748";"10.8697";"0";"1598172762553"
"9222";"35.6856";"-0.647018";"8.16508";"20";"346.492";"10";"0.123133";"-0.234632";"0.229843";"9.81623";"0";"1598172763528"
"9223";"35.6857";"-0.647028";"7.93167";"20";"345.902";"10";"0.216262";"-0.636858";"0.263362";"9.40442";"0";"1598172764523"
"9224";"35.6857";"-0.647042";"7.31135";"20";"343.943";"10";"0.0464945";"-0.0622492";"0.608127";"10.5728";"0";"1598172765521"
"9225";"35.6858";"-0.647058";"6.52199";"20";"342.564";"10";"0.0478491";"-0.354342";"0.287304";"9.84496";"0";"1598172766541"
"9226";"35.6858";"-0.647076";"5.6757";"20";"340.111";"10";"0.0314402";"-0.0335188";"-0.694318";"10.41";"0";"1598172767533"
"9227";"35.6859";"-0.647096";"5.18978";"20";"338.224";"10";"0.0338362";"-0.105345";"-0.114922";"8.5904";"0";"1598172768524"
"9228";"35.6859";"-0.6471";"3.87387";"20";"341.482";"10";"0.0139481";"0.129287";"0.536301";"10.8026";"0";"1598172769542"
"9229";"35.6859";"-0.647102";"2.52294";"20";"344.892";"10";"0.0974754";"0.138864";"0.545878";"10.3046";"0";"1598172770553"
"9230";"35.6859";"-0.647101";"1.76318";"20";"349.069";"10";"0.0520564";"-0.54109";"0.972046";"9.165";"0";"1598172771535"
"9231";"35.6859";"-0.647103";"1.27214";"20";"344.32";"10";"0.0424777";"-0.296881";"0.804452";"10.3813";"0";"1598172772558"
"9232";"35.6859";"-0.64711";"1.15963";"20";"332.709";"10";"0.0427183";"-0.402226";"0.933739";"8.75799";"0";"1598172773540"
"9233";"35.6859";"-0.647117";"1.01987";"20";"328.253";"10";"0.0430187";"-0.258574";"0.847547";"9.41879";"0";"1598172774551"
"9234";"35.686";"-0.647121";"0.865344";"20";"334.681";"10";"0.0378253";"-0.158017";"0.890643";"9.42358";"0";"1598172775523"
"9235";"35.686";"-0.647119";"0.720871";"20";"348.505";"10";"0.348892";"0.368707";"0.909797";"10.0461";"0";"1598172776539"
"9236";"35.686";"-0.64712";"0.617348";"20";"0";"10";"0.00761155";"-0.335188";"2.05901";"10.0413";"0";"1598172777555"
"9237";"35.686";"-0.647124";"1.08551";"20";"347.808";"10";"0.0609042";"-0.483629";"0.876278";"10.0987";"0";"1598172778545"
"9238";"35.686";"-0.64713";"1.96362";"20";"341.248";"10";"0.0426597";"-2.92571";"1.63763";"8.91601";"0";"1598172779534"
"9239";"35.686";"-0.647142";"2.4511";"20";"337.61";"10";"0.0316367";"0.445322";"0.857124";"10.9846";"0";"1598172780565"
"9240";"35.686";"-0.64715";"2.43746";"20";"337.608";"10";"0.0298132";"-2.62883";"0.699107";"10.7021";"0";"1598172781555"
"9241";"35.6861";"-0.647163";"2.2984";"20";"332.143";"10";"1.09516";"-0.124498";"5.27203";"10.094";"0";"1598172782540"
"9242";"35.6861";"-0.647175";"2.20508";"20";"330.07";"10";"0.186209";"0.445322";"0.622492";"7.12993";"0";"1598172783528"
"9243";"35.6861";"-0.647182";"2.04368";"20";"336.849";"10";"0.0073567";"-0.100556";"1.33596";"10.0892";"0";"1598172784528"
"9244";"35.6861";"-0.647187";"1.75239";"20";"340.831";"10";"0.0292643";"-1.46046";"1.49398";"8.63349";"0";"1598172785529"
"9245";"35.6861";"-0.64719";"1.67261";"20";"346.515";"10";"0.0106418";"-0.905008";"0.574608";"9.77313";"0";"1598172786535"
"9246";"35.6861";"-0.647192";"1.59139";"20";"349.711";"10";"0.00358812";"-0.454898";"0.3304";"9.86411";"0";"1598172787522"
"9247";"35.6861";"-0.647193";"0.983377";"20";"354.387";"10";"0.0421933";"-0.459687";"1.62806";"10.0987";"0";"1598172788531"
"9248";"35.6861";"-0.647193";"0.371708";"20";"352.586";"10";"0.0165872";"-0.794875";"0.981623";"9.82102";"0";"1598172789517"
"9249";"35.6861";"-0.647193";"0.0495704";"20";"249.784";"10";"0.0147053";"-0.536301";"0.933739";"9.90242";"0";"1598172790543"
"9250";"35.6861";"-0.647196";"0.101541";"20";"193.621";"10";"0.0162459";"-0.392649";"0.881066";"9.87848";"0";"1598172791564"
"9251";"35.6861";"-0.647201";"0.102729";"20";"215.666";"10";"0.019942";"-0.292093";"0.995988";"10.0317";"0";"1598172792533"
"9252";"35.6861";"-0.647204";"0.11981";"20";"196.363";"10";"0.014575";"-0.521936";"1.01035";"9.98861";"0";"1598172793544"
"9253";"35.6861";"-0.647206";"0.176463";"20";"180";"10";"0.00750111";"-0.383072";"1.01514";"9.75398";"0";"1598172794539"
"9254";"35.6861";"-0.647206";"0.110097";"20";"180";"10";"0.0181191";"-0.234632";"1.01514";"10.0413";"0";"1598172795535"
"9255";"35.6861";"-0.647206";"0.0463683";"20";"180";"10";"0.0139993";"-0.344765";"0.914585";"9.87369";"0";"1598172796548"
"9256";"35.6861";"-0.647207";"0.0129362";"20";"180";"10";"0.0167303";"-0.292093";"0.948104";"10.0748";"0";"1598172797527"
"9257";"35.6861";"-0.647207";"0.000136778";"20";"180";"10";"0.0329798";"-0.344765";"1.10133";"9.9934";"0";"1598172798545"
"9258";"35.6861";"-0.647207";"0.00259748";"20";"0";"10";"0.0249024";"-1.08218";"1.94888";"10.2951";"0";"1598172799529"
"9259";"35.6861";"-0.647207";"0.00200533";"20";"0";"10";"0.0281387";"-0.105345";"3.04542";"7.16345";"0";"1598172800548"
"9260";"35.6861";"-0.64721";"0.74425";"20";"347.906";"10";"0.00312652";"-0.11971";"1.57538";"10.5489";"0";"1598172801506"
"9261";"35.6862";"-0.647223";"1.99805";"20";"334.366";"10";"0.0230425";"0.339977";"0.316035";"11.5879";"0";"1598172802539"
"9262";"35.6862";"-0.64724";"3.13358";"20";"337.224";"10";"0.00784295";"-1.97761";"2.01113";"8.48984";"0";"1598172803523"
"9263";"35.6862";"-0.647255";"3.75971";"20";"340.843";"10";"0.033755";"-0.536301";"0.651223";"10.3908";"0";"1598172804529"
"9264";"35.6863";"-0.647271";"3.90538";"20";"339.862";"10";"0.0341134";"0.023942";"0.890643";"8.90643";"0";"1598172805534"
"9265";"35.6863";"-0.647288";"3.92317";"20";"337.638";"10";"0.0059802";"-0.301669";"1.82917";"9.47625";"0";"1598172806532"
"9266";"35.6863";"-0.647305";"4.02908";"20";"336.577";"10";"0.0815196";"0.134075";"-0.047884";"13.4889";"0";"1598172807521"
"9267";"35.6864";"-0.64732";"3.96607";"20";"336.065";"10";"0.056878";"-0.306458";"0.363919";"8.03494";"0";"1598172808524"
"9268";"35.6864";"-0.647335";"3.54135";"20";"333.645";"10";"0.0615273";"0.986411";"1.04866";"9.13627";"0";"1598172809525"
"9269";"35.6864";"-0.647354";"3.43446";"20";"330.464";"10";"0.0353389";"1.55623";"-1.00556";"10.5776";"0";"1598172810539"
"9270";"35.6864";"-0.647373";"3.3599";"20";"328.859";"10";"0.104172";"1.37427";"1.01514";"11.315";"0";"1598172811535"
"9271";"35.6865";"-0.647396";"3.36953";"20";"326.461";"10";"0.0939444";"-0.0143652";"2.6001";"9.7444";"0";"1598172812545"
"9272";"35.6865";"-0.647418";"3.32194";"20";"325.043";"10";"0.0289119";"0.047884";"2.12126";"9.30387";"0";"1598172813550"
"9273";"35.6865";"-0.647439";"3.39476";"20";"324.945";"10";"0.0239357";"-0.177171";"1.24498";"11.5401";"0";"1598172814541"
"9274";"35.6865";"-0.647463";"3.89009";"20";"326.867";"10";"0.0589912";"0.440533";"1.43652";"10.6015";"0";"1598172815536"
"9275";"35.6866";"-0.647488";"4.84312";"20";"331.762";"10";"0.022918";"0.632069";"1.38385";"9.44273";"0";"1598172816554"
"9276";"35.6866";"-0.64752";"6.1278";"20";"333.645";"10";"0.0194333";"0.497994";"0.861913";"10.4196";"0";"1598172817525"
"9277";"35.6867";"-0.647555";"7.17295";"20";"335.312";"10";"0.043074";"-0.110133";"1.63763";"9.05966";"0";"1598172818541"
"9278";"35.6868";"-0.647594";"7.79679";"20";"335.902";"10";"0.0133989";"-0.45011";"1.2402";"11.4874";"0";"1598172819553"
"9279";"35.6869";"-0.647632";"8.16876";"20";"336.761";"10";"0.0574161";"0.608127";"1.63763";"10.3717";"0";"1598172820543"
"9280";"35.6869";"-0.647663";"8.74942";"20";"339.86";"10";"0.052376";"0.129287";"1.56102";"7.30232";"0";"1598172821517"
"9281";"35.687";"-0.647694";"9.25573";"20";"339.646";"10";"0.0737806";"0.775721";"-0.0766145";"9.80186";"0";"1598172822523"
"9282";"35.6871";"-0.647728";"9.54445";"20";"339.534";"10";"0.0888632";"-0.153229";"0.756568";"9.92636";"0";"1598172823539"
"9283";"35.6872";"-0.647762";"9.52198";"20";"339.917";"10";"0.0514575";"0.0143652";"0.967257";"11.0181";"0";"1598172824553"
"9284";"35.6873";"-0.647798";"9.35587";"20";"338.869";"10";"0.0739129";"1.17795";"1.51314";"10.2376";"0";"1598172825531"
"9285";"35.6873";"-0.647834";"9.06216";"20";"337.859";"10";"0.0339452";"0.172383";"1.12527";"8.8346";"0";"1598172826561"
"9286";"35.6874";"-0.64787";"9.13041";"20";"338.205";"10";"0.0341867";"0.0766145";"1.02951";"8.82982";"0";"1598172827546"
"9287";"35.6875";"-0.647912";"9.57855";"20";"337.842";"10";"0.0351868";"0.0335188";"1.36948";"8.93516";"0";"1598172828534"
"9288";"35.6876";"-0.647953";"9.86101";"20";"338.694";"10";"0.0160019";"-0.325611";"1.66158";"11.315";"0";"1598172829558"
"9289";"35.6877";"-0.647995";"10.0362";"20";"338.623";"10";"0.0274221";"0.363919";"1.51314";"8.30309";"0";"1598172830538"
"9290";"35.6877";"-0.648035";"10.1707";"20";"339.203";"10";"0.0205194";"0.263362";"2.11647";"9.56723";"0";"1598172831537"
"9291";"35.6878";"-0.648073";"10.4818";"20";"340.127";"10";"0.0366796";"0.474052";"1.23062";"10.1562";"0";"1598172832540"
"9292";"35.6879";"-0.648116";"10.8134";"20";"339.726";"10";"0.140211";"-0.268151";"1.86748";"9.56244";"0";"1598172833531"
"9293";"35.688";"-0.648159";"11.06";"20";"339.88";"10";"0.236";"0.047884";"2.85389";"7.67581";"0";"1598172834537"
"9294";"35.6881";"-0.648203";"11.2566";"20";"340.431";"10";"0.0279346";"-1.29766";"1.33596";"9.66779";"0";"1598172835539"
"9295";"35.6882";"-0.64824";"11.4522";"20";"341.555";"10";"0.0552557";"-0.191536";"1.58017";"8.98783";"0";"1598172836527"
"9296";"35.6883";"-0.648277";"11.4491";"20";"342.489";"10";"0.0530049";"-0.158017";"0.694318";"9.67736";"0";"1598172837538"
"9297";"35.6884";"-0.648315";"11.1389";"20";"342.241";"10";"0.0431542";"0.378284";"1.66158";"9.97903";"0";"1598172838563"
"9298";"35.6885";"-0.64835";"10.7154";"20";"342.498";"10";"0.0223599";"-0.407014";"1.21625";"8.45632";"0";"1598172839545"
"9299";"35.6886";"-0.648383";"10.2039";"20";"342.213";"10";"0.0595022";"-0.363919";"0.713472";"9.73004";"0";"1598172840537"
"9300";"35.6887";"-0.64841";"9.78543";"20";"344.205";"10";"0.047406";"-0.435745";"0.770933";"9.17937";"0";"1598172841533"
"9301";"35.6888";"-0.648435";"9.17001";"20";"345.014";"10";"0.027729";"-0.536301";"0.952892";"10.1083";"0";"1598172842541"
"9302";"35.6888";"-0.648456";"8.60407";"20";"345.058";"10";"0.0211376";"0.277727";"0.411803";"9.96467";"0";"1598172843527"
"9303";"35.6889";"-0.648477";"7.79547";"20";"345.123";"10";"0.0392361";"0.0814029";"0.368707";"9.50019";"0";"1598172844543"
"9304";"35.6889";"-0.648497";"6.65222";"20";"345.51";"10";"0.0727326";"0.679953";"0.761356";"10.7308";"0";"1598172845538"
"9305";"35.689";"-0.648504";"5.13428";"20";"348.066";"10";"0.0148826";"0.617704";"0.861913";"10.568";"0";"1598172846524"
"9306";"35.689";"-0.648507";"3.70179";"20";"352.942";"10";"0.0269706";"0.177171";"0.924162";"10.4627";"0";"1598172847540"
"9307";"35.689";"-0.64851";"2.47387";"20";"355.055";"10";"0.0223279";"-0.292093";"1.23541";"9.80665";"0";"1598172848534"
"9308";"35.689";"-0.648511";"1.33348";"20";"358.781";"10";"0.00734048";"-0.368707";"0.794875";"9.87848";"0";"1598172849539"
"9309";"35.689";"-0.648508";"0.504917";"20";"1.4732";"10";"0.020762";"-0.215478";"2.04944";"9.64384";"0";"1598172850540"
"9310";"35.689";"-0.648506";"0.158087";"20";"5.70801";"10";"0.0188732";"-0.196325";"2.15957";"9.74919";"0";"1598172851544"
"9311";"35.689";"-0.648505";"0.00918192";"20";"0";"10";"0.00878905";"-0.392649";"2.2697";"9.72046";"0";"1598172852531"
"9312";"35.689";"-0.648506";"0.0162549";"20";"180";"10";"0.00896368";"-0.612916";"2.12605";"9.68215";"0";"1598172853531"
"9313";"35.689";"-0.648506";"0.0141057";"20";"180";"10";"0.0168298";"-0.335188";"2.19309";"9.72525";"0";"1598172854520"
"9314";"35.689";"-0.648506";"0.00716097";"20";"180";"10";"0.0157542";"-0.502782";"2.33674";"9.51935";"0";"1598172855540"
"9315";"35.689";"-0.648506";"0.00249391";"20";"180";"10";"0.0172149";"0.186748";"2.73897";"9.71567";"0";"1598172856531"
"9316";"35.689";"-0.648506";"0.000419852";"20";"180";"10";"0.00667714";"-0.253785";"2.7246";"9.75877";"0";"1598172857534"
"9317";"35.689";"-0.648506";"0.000198462";"20";"0";"10";"0.0741738";"0.354342";"2.43251";"9.26077";"0";"1598172858538"
"9318";"35.689";"-0.648506";"0.000233185";"20";"0";"10";"0.0106194";"-0.114922";"1.92973";"9.7875";"0";"1598172859527"
"9319";"35.689";"-0.648506";"0.000134695";"20";"0";"10";"0.0127609";"-0.11971";"1.91536";"9.76355";"0";"1598172860530"
"9320";"35.689";"-0.648506";"5.25855e-05";"20";"0";"10";"0.0112199";"-0.296881";"1.901";"9.81144";"0";"1598172861548"
"9321";"35.689";"-0.648506";"1.24652e-05";"20";"0";"10";"0.0133454";"0.0191536";"1.8579";"9.8689";"0";"1598172862519"
"9322";"35.689";"-0.648506";"1.61447e-06";"20";"180";"10";"0.0119903";"-0.21069";"1.88184";"9.74919";"0";"1598172863531"
"9323";"35.689";"-0.648506";"3.68717e-06";"20";"180";"10";"0.00717624";"-0.263362";"1.81959";"9.64384";"0";"1598172864555"
"9324";"35.689";"-0.648506";"2.43942e-06";"20";"180";"10";"0.0129095";"-0.282516";"1.81002";"9.85932";"0";"1598172865527"
"9325";"35.689";"-0.648506";"1.06642e-06";"20";"180";"10";"0.00402647";"-0.268151";"1.83396";"9.85453";"0";"1598172866535"
"9326";"35.689";"-0.648506";"3.15382e-07";"20";"180";"10";"0.0225034";"-0.272939";"1.82917";"9.73961";"0";"1598172867538"
"9327";"35.689";"-0.648506";"1.85516e-08";"20";"180";"10";"0.0270809";"-0.263362";"1.76213";"9.82102";"0";"1598172868556"
"9328";"35.689";"-0.648506";"5.11129e-08";"20";"0";"10";"0.00732421";"-0.21069";"1.86269";"9.64863";"0";"1598172869529"
"9329";"35.689";"-0.648506";"4.2801e-08";"20";"0";"10";"0.00989899";"-0.292093";"1.89142";"9.6199";"0";"1598172870545"
"9330";"35.689";"-0.648506";"2.21017e-08";"20";"0";"10";"0.0231252";"-0.110133";"1.79086";"9.7444";"0";"1598172871536"
"9331";"35.689";"-0.648506";"7.88005e-09";"20";"0";"10";"0.0108196";"-0.354342";"1.86748";"9.86411";"0";"1598172872543"
"9332";"35.689";"-0.648506";"1.37522e-09";"20";"0";"10";"0.00623395";"-0.234632";"1.84832";"9.75398";"0";"1598172873536"
"9333";"35.689";"-0.648506";"5.867e-10";"20";"180";"10";"0.0187592";"-0.158017";"1.87227";"9.71567";"0";"1598172874533"
"9334";"35.689";"-0.648506";"7.40234e-10";"20";"180";"10";"0.00589993";"-0.282516";"1.92973";"9.67257";"0";"1598172875527"
"9335";"35.689";"-0.648506";"4.40949e-10";"20";"180";"10";"0.0138451";"-0.205901";"1.78607";"9.76355";"0";"1598172876522"
"9336";"35.689";"-0.648506";"1.7904e-10";"20";"180";"10";"0.0232075";"-0.138864";"1.901";"9.68215";"0";"1598172877535"
"9337";"35.689";"-0.648506";"4.55201e-11";"20";"180";"10";"0.0133454";"-0.373495";"1.85311";"9.61511";"0";"1598172878530"
"9338";"35.689";"-0.648506";"2.67837e-12";"20";"0";"10";"0.0175984";"-0.608127";"2.20267";"10.2568";"0";"1598172879534"
"9339";"35.689";"-0.648506";"1.15325e-11";"20";"0";"10";"0.00239208";"-0.588974";"2.66235";"9.02135";"0";"1598172880533"
"9340";"35.689";"-0.648508";"0.525597";"20";"341.489";"10";"0.0106194";"-0.277727";"4.40054";"9.16979";"0";"1598172881524"
"9341";"35.689";"-0.648515";"1.4947";"20";"340.626";"10";"0.00705903";"-0.0287304";"3.02627";"10.07";"0";"1598172882536"
"9342";"35.6891";"-0.648524";"2.42942";"20";"343.405";"10";"0.0315235";"0.68953";"1.30723";"10.228";"0";"1598172883535"
"9343";"35.6891";"-0.648532";"2.88133";"20";"349.705";"10";"0.0207333";"0.775721";"1.67115";"9.71567";"0";"1598172884535"
"9344";"35.6891";"-0.648536";"3.0859";"20";"352.315";"10";"0.0251737";"-0.0143652";"0.943315";"9.7875";"0";"1598172885514"
"9345";"35.6892";"-0.64854";"2.82387";"20";"354.82";"10";"0.0775922";"-0.177171";"1.43652";"9.5385";"0";"1598172886548"
"9346";"35.6892";"-0.648542";"2.4018";"20";"357.448";"10";"0.0159123";"-0.215478";"2.27928";"9.90242";"0";"1598172887531"
"9347";"35.6892";"-0.648544";"2.01657";"20";"357.882";"10";"0.0105519";"-0.047884";"1.6089";"9.51456";"0";"1598172888536"
"9348";"35.6892";"-0.648547";"1.50213";"20";"357.74";"10";"0.00480901";"-0.881066";"1.72861";"9.78271";"0";"1598172889530"
"9349";"35.6892";"-0.64855";"1.02479";"20";"358.696";"10";"0.0198761";"-0.612916";"1.81959";"9.85932";"0";"1598172890519"
"9350";"35.6892";"-0.648551";"0.775532";"20";"3.0294";"10";"0.119607";"0.665588";"2.53785";"8.26";"0";"1598172891696"
"9351";"35.6892";"-0.648549";"0.908684";"20";"10.9318";"10";"0.0521547";"-0.100556";"2.48518";"10.6446";"0";"1598172892554"
"9352";"35.6892";"-0.648547";"1.69182";"20";"7.31224";"10";"0.00558863";"0.608127";"2.1883";"9.66779";"0";"1598172893527"
"9353";"35.6893";"-0.648543";"2.52321";"20";"10.9321";"10";"0.0155868";"-1.71425";"2.07338";"8.89207";"0";"1598172894531"
"9354";"35.6893";"-0.648535";"3.17029";"20";"12.4567";"10";"0.0160094";"-1.95367";"2.07338";"9.47146";"0";"1598172895518"
"9355";"35.6893";"-0.648532";"3.81812";"20";"358.125";"10";"0.0373495";"-1.56102";"0.536301";"12.153";"0";"1598172896521"
"9356";"35.6894";"-0.64854";"4.12983";"20";"353.243";"10";"0.00735671";"-1.37427";"1.40779";"10.0604";"0";"1598172897527"
"9357";"35.6894";"-0.648552";"3.94096";"20";"347.314";"10";"0.0159497";"-1.06781";"1.2402";"9.79228";"0";"1598172898536"
"9358";"35.6894";"-0.648572";"3.72536";"20";"338.096";"10";"0.0104611";"-0.186748";"0.713472";"10.1323";"0";"1598172899532"
"9359";"35.6895";"-0.648596";"3.20978";"20";"325.352";"10";"0.0147134";"-0.397437";"1.13964";"9.50019";"0";"1598172900528"
"9360";"35.6895";"-0.648616";"2.66224";"20";"316.771";"10";"0.0142859";"0.11971";"1.20668";"9.09797";"0";"1598172901528"
"9361";"35.6895";"-0.648633";"2.28818";"20";"313.279";"10";"0.0187019";"0.181959";"1.58975";"10.0413";"0";"1598172902532"
"9362";"35.6895";"-0.648652";"2.17793";"20";"307.988";"10";"0.0212781";"0.679953";"1.68073";"9.47625";"0";"1598172903532"
"9363";"35.6895";"-0.648671";"2.03403";"20";"303.943";"10";"0.0371286";"1.15401";"1.67594";"9.68694";"0";"1598172904529"
"9364";"35.6895";"-0.648687";"1.86726";"20";"304.269";"10";"0.0503474";"0.713472";"1.85311";"10.4339";"0";"1598172905537"
"9365";"35.6895";"-0.648702";"1.86644";"20";"308.099";"10";"0.0270897";"0.416591";"2.32238";"8.99262";"0";"1598172906539"
"9366";"35.6895";"-0.648717";"1.94589";"20";"310.878";"10";"0.0281811";"0.952892";"1.07739";"9.95509";"0";"1598172907546"
"9367";"35.6896";"-0.648734";"2.04085";"20";"313.656";"10";"0.0087755";"0.258574";"1.52271";"9.63427";"0";"1598172908545"
"9368";"35.6896";"-0.648748";"1.86333";"20";"316.939";"10";"0.027832";"-0.531513";"1.9393";"9.7444";"0";"1598172909520"
"9369";"35.6896";"-0.648757";"1.6104";"20";"325.15";"10";"0.00320187";"-0.287304";"2.73418";"8.62391";"0";"1598172910541"
"9370";"35.6896";"-0.648765";"1.5862";"20";"330.74";"10";"0.02937";"-0.158017";"2.60968";"10.8362";"0";"1598172911546"
"9371";"35.6896";"-0.648773";"1.8287";"20";"336.232";"10";"0.038977";"-0.895431";"2.36068";"8.25042";"0";"1598172912537"
"9372";"35.6896";"-0.648781";"2.46084";"20";"343.835";"10";"0.014575";"-0.282516";"2.65756";"8.96389";"0";"1598172913529"
"9373";"35.6897";"-0.648791";"3.55401";"20";"345.389";"10";"0.0435447";"-1.41737";"3.16992";"10.8218";"0";"1598172914521"
"9374";"35.6897";"-0.648805";"4.61439";"20";"346.234";"10";"0.0428437";"0.387861";"1.33596";"9.67257";"0";"1598172915544"
"9375";"35.6898";"-0.648822";"5.08796";"20";"345.989";"10";"0.0163847";"0.0143652";"2.28407";"9.25119";"0";"1598172916547"
"9376";"35.6898";"-0.648839";"5.35322";"20";"344.624";"10";"0.0155485";"-0.483629";"2.32238";"9.76834";"0";"1598172917551"
"9377";"35.6899";"-0.648858";"5.63398";"20";"342.615";"10";"0.0749921";"0.59855";"1.35512";"9.48104";"0";"1598172918545"
"9378";"35.6899";"-0.648874";"5.82164";"20";"344.125";"10";"0.0147458";"0.3304";"1.88663";"9.26556";"0";"1598172919543"
"9379";"35.69";"-0.648887";"5.9836";"20";"347.22";"10";"0.0255544";"0.35913";"1.55144";"10.9511";"0";"1598172920538"
"9380";"35.69";"-0.648896";"5.68742";"20";"349.655";"10";"0.0280454";"-0.282516";"1.403";"10.3813";"0";"1598172921529"
"9381";"35.6901";"-0.648904";"4.89455";"20";"347.711";"10";"0.00417187";"-0.124498";"0.699107";"9.74919";"0";"1598172922549"
"9382";"35.6901";"-0.648912";"4.25605";"20";"345.448";"10";"0.00750112";"-0.110133";"0.306458";"9.92636";"0";"1598172923527"
"9383";"35.6901";"-0.648922";"3.2388";"20";"344.055";"10";"0.013029";"-0.177171";"0.766145";"9.73961";"0";"1598172924527"
"9384";"35.6901";"-0.648926";"2.0827";"20";"345.68";"10";"0.0173735";"-0.023942";"1.12049";"9.77792";"0";"1598172925533"
"9385";"35.6901";"-0.648922";"1.17492";"20";"355.241";"10";"0.0580747";"-0.435745";"2.58095";"8.11156";"0";"1598172926523"
"9386";"35.6901";"-0.648919";"0.505102";"20";"3.57203";"10";"0.00923873";"0.560243";"2.09732";"9.88805";"0";"1598172927523"
"9387";"35.6901";"-0.648919";"0.150051";"20";"351.761";"10";"0.013698";"0.68953";"2.27928";"9.67736";"0";"1598172928539"
"9388";"35.6901";"-0.648923";"0.0144393";"20";"0";"10";"0.0249023";"0.296881";"2.28886";"9.50019";"0";"1598172929540"
"9389";"35.6901";"-0.648923";"0.125768";"20";"27.9834";"10";"0.00897693";"0.282516";"2.37505";"9.44273";"0";"1598172930529"
"9390";"35.6901";"-0.64892";"0.235539";"20";"37.4875";"10";"0.0299488";"0.0861913";"2.31759";"9.4571";"0";"1598172931533"
"9391";"35.6901";"-0.648918";"0.130587";"20";"0";"10";"0.0371351";"0.775721";"2.37505";"9.87369";"0";"1598172932532"
"9392";"35.6901";"-0.648918";"0.0548541";"20";"0";"10";"0.0147134";"0.229843";"2.24576";"9.79228";"0";"1598172933524"
"9393";"35.6901";"-0.648918";"0.0145674";"20";"0";"10";"0.0203327";"0.110133";"2.3128";"9.50498";"0";"1598172934526"
"9394";"35.6901";"-0.648918";"0.00043731";"20";"180";"10";"0.0334428";"0.282516";"2.37984";"9.49062";"0";"1598172935530"
"9395";"35.6901";"-0.648918";"0.00323794";"20";"180";"10";"0.0219564";"-0.158017";"3.5913";"10.0317";"0";"1598172936541"
"9396";"35.6901";"-0.648921";"0.128266";"20";"37.8632";"10";"0.0405509";"0.0383072";"4.89375";"12.4498";"0";"1598172937519"
"9397";"35.6901";"-0.648926";"0.861551";"20";"340.383";"10";"0.0214844";"0.23942";"2.69587";"9.22246";"0";"1598172938527"
"9398";"35.6902";"-0.648936";"1.79653";"20";"338.21";"10";"0.00930301";"0.474052";"2.96881";"10.0987";"0";"1598172939537"
"9399";"35.6902";"-0.64895";"2.54136";"20";"337.759";"10";"0.0221187";"0.0335188";"3.00233";"9.74919";"0";"1598172940536"
"9400";"35.6902";"-0.648963";"3.05939";"20";"338.903";"10";"0.0136282";"-0.349553";"3.77326";"8.90643";"0";"1598172941535"
"9401";"35.6902";"-0.648982";"3.60558";"20";"334.968";"10";"0.00653276";"0.603339";"3.90255";"8.57603";"0";"1598172942545"
"9402";"35.6903";"-0.649006";"4.402";"20";"333.367";"10";"0.0290024";"-0.00957681";"2.59053";"7.80031";"0";"1598172943529"
"9403";"35.6903";"-0.649029";"4.62741";"20";"336.028";"10";"0.018322";"0.229843";"3.85466";"9.57681";"0";"1598172944545"
"9404";"35.6904";"-0.649051";"4.83832";"20";"336.475";"10";"0.0408846";"-0.124498";"3.70622";"9.62469";"0";"1598172945525"
"9405";"35.6904";"-0.649076";"5.38613";"20";"336.591";"10";"0.0985034";"0.895431";"3.06458";"11.655";"0";"1598172946516"
"9406";"35.6905";"-0.6491";"5.74335";"20";"337.942";"10";"0.0355105";"1.00556";"2.94487";"10.7452";"0";"1598172947543"
"9407";"35.6905";"-0.649122";"6.12106";"20";"340.459";"10";"0.0490303";"-0.234632";"2.78206";"10.9223";"0";"1598172948518"
"9408";"35.6906";"-0.64914";"6.18479";"20";"344.551";"10";"0.0419979";"0.287304";"3.10767";"9.88805";"0";"1598172949535"
"9409";"35.6906";"-0.649159";"6.36753";"20";"343.767";"10";"0.013558";"0.325611";"2.72939";"9.5385";"0";"1598172950538"
"9410";"35.6907";"-0.649182";"6.65477";"20";"341.61";"10";"0.0638193";"-0.158017";"3.28963";"7.74764";"0";"1598172951521"
"9411";"35.6907";"-0.649208";"6.37855";"20";"339.992";"10";"0.022866";"0.531513";"1.63763";"10.319";"0";"1598172952541"
"9412";"35.6908";"-0.649226";"6.11618";"20";"343.664";"10";"0.0322117";"0.0622492";"2.06859";"7.70454";"0";"1598172953519"
"9413";"35.6908";"-0.649238";"5.5451";"20";"345.538";"10";"0.0241884";"0.114922";"2.10211";"9.44752";"0";"1598172954526"
"9414";"35.6909";"-0.649252";"4.91357";"20";"347.34";"10";"0.0179207";"-0.426168";"2.41336";"10.7978";"0";"1598172955532"
"9415";"35.6909";"-0.649262";"4.56882";"20";"349.483";"10";"0.0120399";"-0.287304";"2.32716";"9.93115";"0";"1598172956535"
"9416";"35.691";"-0.649274";"4.20765";"20";"346.432";"10";"0.0151525";"-0.00957681";"2.48518";"9.31344";"0";"1598172957525"
"9417";"35.691";"-0.649292";"3.84798";"20";"341.365";"10";"0.0204029";"-0.0430956";"2.74854";"9.81144";"0";"1598172958541"
"9418";"35.691";"-0.649311";"3.52661";"20";"337.941";"10";"0.0196348";"-0.023942";"2.71024";"9.42837";"0";"1598172959536"
"9419";"35.691";"-0.649327";"3.41873";"20";"339.451";"10";"0.0277162";"0.215478";"2.92093";"9.63906";"0";"1598172960534"
"9420";"35.6911";"-0.649335";"3.15258";"20";"343.969";"10";"0.0366113";"-0.42138";"2.99754";"9.15064";"0";"1598172961539"
"9421";"35.6911";"-0.649343";"2.94926";"20";"344.993";"10";"0.0059802";"0.0335188";"2.88741";"9.91199";"0";"1598172962528"
"9422";"35.6911";"-0.649355";"2.87298";"20";"340.885";"10";"0.0341797";"0.454898";"2.806";"9.4571";"0";"1598172963530"
"9423";"35.6911";"-0.649369";"2.99175";"20";"339.264";"10";"0.0234375";"-0.440533";"2.75333";"9.79707";"0";"1598172964532"
"9424";"35.6912";"-0.649383";"3.19468";"20";"341.461";"10";"0.0180664";"0.292093";"2.00634";"10.1179";"0";"1598172965535"
"9425";"35.6912";"-0.649394";"2.92061";"20";"342.779";"10";"0.0213173";"0.047884";"1.90578";"9.75398";"0";"1598172966542"
"9426";"35.6912";"-0.6494";"2.1577";"20";"346.393";"10";"0.0304266";"0.225055";"2.10211";"9.69652";"0";"1598172967513"
"9427";"35.6912";"-0.649406";"1.23703";"20";"347.038";"10";"0.0286509";"-0.0430956";"2.28886";"10.0365";"0";"1598172968539"
"9428";"35.6912";"-0.64941";"0.525735";"20";"343.012";"10";"0.0304266";"0.248997";"3.06937";"9.15064";"0";"1598172969528"
"9429";"35.6912";"-0.649414";"0.142464";"20";"305.368";"10";"0.00999486";"0.0574608";"2.90656";"9.56723";"0";"1598172970529"
"9430";"35.6912";"-0.649415";"0.0469375";"20";"180";"10";"0.0231303";"0.296881";"2.92093";"9.25598";"0";"1598172971523"
"9431";"35.6912";"-0.649416";"0.0522595";"20";"180";"10";"0.00705899";"0.0526724";"3.00712";"9.62948";"0";"1598172972547"
"9432";"35.6912";"-0.649416";"0.0295718";"20";"180";"10";"0.0119704";"0.23942";"2.97839";"9.19852";"0";"1598172973523"
"9433";"35.6912";"-0.649416";"0.0113951";"20";"180";"10";"0.00845727";"0.143652";"2.96402";"9.58638";"0";"1598172974529"
"9434";"35.6912";"-0.649416";"0.00250787";"20";"180";"10";"0.0216667";"0.167594";"2.92093";"9.44273";"0";"1598172975546"
"9435";"35.6912";"-0.649416";"0.000413452";"20";"0";"10";"0.0229752";"0.129287";"2.8491";"9.45231";"0";"1598172976504"
"9436";"35.6912";"-0.649416";"0.000831315";"20";"0";"10";"0.0244336";"0.162806";"2.90177";"9.39485";"0";"1598172977535"
"9437";"35.6912";"-0.649416";"0.000528257";"20";"0";"10";"0.0214121";"0.234632";"2.95444";"9.28471";"0";"1598172978565"
"9438";"35.6912";"-0.649416";"0.000236233";"20";"0";"10";"0.00979";"0.272939";"2.92571";"9.27993";"0";"1598172979537"
"9439";"35.6912";"-0.649416";"6.54387e-05";"20";"0";"10";"0.00784295";"0.244209";"2.92093";"9.60554";"0";"1598172980535"
"9440";"35.6912";"-0.649416";"1.13084e-06";"20";"0";"10";"0.0371158";"0.402226";"2.87304";"9.34218";"0";"1598172981544"
"9441";"35.6912";"-0.649416";"1.23976e-05";"20";"180";"10";"0.014575";"0.196325";"2.88262";"9.43316";"0";"1598172982537"
"9442";"35.6912";"-0.649416";"9.51739e-06";"20";"180";"10";"0.00348703";"0.172383";"2.92571";"9.55287";"0";"1598172983534"
"9443";"35.6912";"-0.649416";"4.54415e-06";"20";"180";"10";"0.0274221";"0.474052";"2.87304";"9.29908";"0";"1598172984528"
"9444";"35.6912";"-0.649416";"1.46337e-06";"20";"180";"10";"0.0181914";"0.23942";"2.92571";"9.92157";"0";"1598172985533"
"9445";"35.6912";"-0.649416";"1.83687e-07";"20";"180";"10";"0.0276257";"0.153229";"2.79164";"9.8258";"0";"1598172986506"
"9446";"35.6912";"-0.649416";"1.67119e-07";"20";"0";"10";"0.0417131";"0.512359";"3.14598";"8.84897";"0";"1598172987518"
"9447";"35.6912";"-0.649416";"1.6099e-07";"20";"0";"10";"0.0999391";"0.636858";"4.2952";"11.4156";"0";"1598172988539"
"9448";"35.6912";"-0.649419";"0.606937";"20";"340.976";"10";"0.0234782";"0.761356";"3.45244";"9.19373";"0";"1598172989516"
"9449";"35.6912";"-0.649427";"1.54451";"20";"339.671";"10";"0.0122849";"0.177171";"3.03106";"9.93115";"0";"1598172990530"
"9450";"35.6913";"-0.649437";"2.03702";"20";"340.865";"10";"0.0151525";"0.497994";"2.95923";"9.32781";"0";"1598172991547"
"9451";"35.6913";"-0.649444";"2.30752";"20";"344.966";"10";"0.0256197";"0.699107";"3.00233";"9.39485";"0";"1598172992526"
"9452";"35.6913";"-0.649452";"2.49757";"20";"344.393";"10";"0.0382265";"0.914585";"2.60968";"9.69652";"0";"1598172993541"
"9453";"35.6913";"-0.649459";"2.41823";"20";"345.298";"10";"0.0243211";"0.718261";"2.95444";"9.56723";"0";"1598172994508"
"9454";"35.6913";"-0.649466";"2.43734";"20";"344.924";"10";"0.00902991";"-0.0574608";"2.82037";"9.89763";"0";"1598172995536"
"9455";"35.6914";"-0.649474";"2.48643";"20";"343.378";"10";"0.00750111";"0.708684";"2.78685";"9.79707";"0";"1598172996528"
"9456";"35.6914";"-0.649483";"2.50861";"20";"342.145";"10";"0.0139481";"0.316035";"2.55701";"9.6199";"0";"1598172997517"
"9457";"35.6914";"-0.649493";"2.378";"20";"339.761";"10";"0.0269264";"-0.0383072";"2.79164";"9.72525";"0";"1598172998537"
"9458";"35.6914";"-0.649503";"2.23397";"20";"338.053";"10";"0.0206122";"0.579397";"2.22661";"9.06924";"0";"1598172999523"
"9459";"35.6914";"-0.649509";"1.89295";"20";"340.58";"10";"0.033325";"0.411803";"2.41336";"9.41879";"0";"1598173000530"
"9460";"35.6914";"-0.649514";"1.31971";"20";"340.32";"10";"0.0941497";"-2.1452";"1.80044";"10.4291";"0";"1598173001524"
"9461";"35.6915";"-0.649519";"1.02424";"20";"338.775";"10";"0.0106418";"-0.962469";"1.51314";"9.23204";"0";"1598173002522"
"9462";"35.6915";"-0.649525";"1.06254";"20";"334.785";"10";"0.0635929";"-0.0143652";"1.08218";"10.0509";"0";"1598173003541"
"9463";"35.6915";"-0.649533";"1.26305";"20";"335.952";"10";"0.0179406";"-1.20668";"1.41737";"9.73961";"0";"1598173004521"
"9464";"35.6915";"-0.649539";"1.23749";"20";"338.371";"10";"0.0311353";"-0.114922";"1.45089";"9.73961";"0";"1598173005531"
"9465";"35.6915";"-0.649545";"1.15212";"20";"341.467";"10";"0.0191553";"-0.430956";"1.87705";"9.663";"0";"1598173006517"
"9466";"35.6915";"-0.64955";"1.23416";"20";"339.93";"10";"0.0385278";"-0.0335188";"1.6089";"10.252";"0";"1598173007540"
"9467";"35.6915";"-0.649557";"1.40346";"20";"342.5";"10";"0.0667715";"-0.253785";"1.58975";"11.1522";"0";"1598173008526"
"9468";"35.6915";"-0.649562";"1.41331";"20";"345.905";"10";"0.0293863";"-0.124498";"1.07739";"9.73482";"1";"1598173009529"
"9469";"35.6915";"-0.64957";"1.3655";"20";"340.36";"10";"0.0133454";"-0.316035";"1.33118";"9.88805";"0";"1598173010532"
"9470";"35.6915";"-0.649579";"1.23019";"20";"333.292";"10";"0.0327148";"-0.92895";"2.16915";"9.84975";"0";"1598173011547"
"9471";"35.6916";"-0.649586";"1.21679";"20";"334.81";"10";"0.0433527";"-0.100556";"1.69509";"11.0612";"0";"1598173012525"
"9472";"35.6916";"-0.649596";"1.39543";"20";"333.286";"10";"0.0267175";"-0.68953";"1.87227";"10.2137";"0";"1598173013530"
"9473";"35.6916";"-0.649611";"1.62496";"20";"330.136";"10";"0.0146647";"-0.632069";"3.04542";"7.53216";"0";"1598173014524"
"9474";"35.6916";"-0.649629";"2.0722";"20";"330.954";"10";"0.0228659";"-0.651223";"3.00233";"10.0748";"0";"1598173015520"
"9475";"35.6916";"-0.649648";"2.52266";"20";"331.849";"10";"0.04811";"0.263362";"1.86269";"9.75398";"0";"1598173016544"
"9476";"35.6917";"-0.649664";"2.93152";"20";"336.385";"10";"0.0125156";"-0.244209";"1.38864";"9.83059";"0";"1598173017539"
"9477";"35.6917";"-0.649679";"3.02904";"20";"339.028";"10";"0.0139652";"-0.158017";"0.833182";"10.4818";"0";"1598173018541"
"9478";"35.6917";"-0.649692";"2.88781";"20";"344.524";"10";"0.0223172";"-0.957681";"0.876278";"10.1083";"0";"1598173019525"
"9479";"35.6917";"-0.649702";"2.33374";"20";"349.6";"10";"0.0158898";"-0.426168";"1.79565";"9.93115";"0";"1598173020533"
"9480";"35.6917";"-0.649709";"1.84847";"20";"347.43";"10";"0.0156402";"-0.656011";"1.87705";"9.68694";"0";"1598173021523"
"9481";"35.6917";"-0.649717";"1.59674";"20";"342.673";"10";"0.0154099";"-0.641646";"1.92973";"9.51456";"0";"1598173022533"
"9482";"35.6918";"-0.649725";"1.48622";"20";"337.209";"10";"0.00841489";"-0.272939";"2.40857";"9.36133";"0";"1598173023520"
"9483";"35.6918";"-0.649735";"1.5052";"20";"334.158";"10";"0.0156403";"-0.641646";"2.37026";"10.0844";"0";"1598173024525"
"9484";"35.6918";"-0.649745";"1.81883";"20";"336.658";"10";"0.00485833";"-0.407014";"2.21224";"9.52413";"0";"1598173025512"
"9485";"35.6918";"-0.649752";"2.1355";"20";"344.057";"10";"0.00667714";"-0.35913";"2.83952";"10.228";"0";"1598173026528"
"9486";"35.6918";"-0.649753";"2.97392";"20";"359.844";"10";"0.0223865";"-0.282516";"2.36068";"8.07804";"0";"1598173027531"
"9487";"35.6919";"-0.649752";"4.18131";"20";"358.898";"10";"0.0434625";"-0.181959";"1.84354";"9.73482";"0";"1598173028530"
"9488";"35.6919";"-0.649758";"4.76131";"20";"352.808";"10";"0.029536";"-0.268151";"1.80523";"9.62948";"0";"1598173029527"
"9489";"35.692";"-0.649772";"4.95877";"20";"347.028";"10";"0.00480902";"-0.6608";"1.92015";"9.60075";"0";"1598173030578"
"9490";"35.692";"-0.649791";"5.18357";"20";"342.479";"10";"0.0515409";"-0.948104";"1.652";"9.34696";"0";"1598173031543"
"9491";"35.6921";"-0.649812";"5.26962";"20";"341.151";"10";"0.0550243";"-0.895431";"2.53785";"8.79151";"0";"1598173032522"
"9492";"35.6921";"-0.64983";"5.01683";"20";"341.358";"10";"0.0190555";"-0.186748";"1.79086";"9.03093";"0";"1598173033525"
"9493";"35.6921";"-0.649844";"4.52946";"20";"343.494";"10";"0.0180135";"-0.565032";"1.43173";"9.41879";"0";"1598173034533"
"9494";"35.6922";"-0.649858";"4.34155";"20";"343.244";"10";"0.17899";"-1.21147";"2.36547";"8.90643";"0";"1598173035547"
"9495";"35.6922";"-0.649874";"4.25903";"20";"341.559";"10";"0.021177";"0.588974";"1.96803";"9.07881";"0";"1598173036537"
"9496";"35.6923";"-0.649893";"4.32022";"20";"339.367";"10";"0.0147458";"-0.909797";"2.30801";"9.74919";"0";"1598173037523"
"9497";"35.6923";"-0.649914";"4.18733";"20";"336.996";"10";"0.00253718";"-0.574608";"1.3216";"10.1754";"0";"1598173038526"
"9498";"35.6923";"-0.649928";"3.89631";"20";"341.162";"10";"0.0398211";"-0.885855";"1.79565";"10.1323";"0";"1598173039526"
"9499";"35.6924";"-0.649936";"3.57794";"20";"346.244";"10";"0.0202975";"-1.01993";"2.22661";"9.56723";"0";"1598173040478"
"9500";"35.6924";"-0.649943";"3.47487";"20";"345.929";"10";"0.0249023";"-1.35512";"3.15077";"10.8888";"1";"1598173041517"
"9501";"35.6924";"-0.649951";"3.56882";"20";"344.625";"10";"0.00793365";"-0.416591";"2.31759";"9.59117";"1";"1598173042463"
"9502";"35.6924";"-0.649962";"3.71055";"20";"343.069";"10";"0.0407152";"-0.632069";"1.83396";"8.98783";"0";"1598173043542"
"9503";"35.6925";"-0.649976";"3.80345";"20";"340.398";"10";"0.056472";"-0.282516";"2.15478";"10.4675";"0";"1598173044532"
"9504";"35.6925";"-0.649989";"3.75584";"20";"340.505";"10";"0.0153168";"-0.201113";"2.21703";"9.48104";"0";"1598173045525"
"9505";"35.6925";"-0.650003";"3.78884";"20";"340.325";"10";"0.0104611";"-0.790087";"1.23062";"9.8689";"0";"1598173046547"
"9506";"35.6926";"-0.650015";"3.81975";"20";"341.22";"10";"0.00977783";"-0.186748";"0.517148";"10.0173";"0";"1598173047518"
"9507";"35.6926";"-0.650023";"3.52027";"20";"342.266";"10";"0.0159497";"0.440533";"1.09176";"10.4483";"0";"1598173048546"
"9508";"35.6926";"-0.650028";"3.05671";"20";"344.784";"10";"0.00638511";"-0.35913";"1.59933";"10.0126";"0";"1598173049518"
"9509";"35.6927";"-0.650029";"2.77911";"20";"349.794";"10";"0.0109074";"0.124498";"1.8579";"9.7875";"0";"1598173050521"
"9510";"35.6927";"-0.65003";"2.712";"20";"352.382";"10";"0.0167517";"0.296881";"1.69031";"9.52413";"0";"1598173051514"
"9511";"35.6927";"-0.650033";"2.79268";"20";"349.545";"10";"0.0029297";"0.220267";"1.76692";"9.59117";"0";"1598173052516"
"9512";"35.6927";"-0.650041";"2.82088";"20";"345.33";"10";"0.0252918";"0.306458";"1.92973";"10.1323";"0";"1598173053512"
"9513";"35.6928";"-0.650049";"2.92092";"20";"343.51";"10";"0.0223865";"0.134075";"1.81002";"9.65342";"0";"1598173054521"
"9514";"35.6928";"-0.650056";"2.87395";"20";"343.746";"10";"0.037604";"-0.215478";"1.67115";"9.35654";"0";"1598173055538"
"9515";"35.6928";"-0.650066";"2.97046";"20";"341.134";"10";"0.0225668";"-0.172383";"1.9824";"9.83538";"0";"1598173056531"
"9516";"35.6928";"-0.650076";"3.04136";"20";"340.933";"10";"0.015807";"-0.0430956";"1.86269";"10.3046";"0";"1598173057515"
"9517";"35.6929";"-0.650084";"3.19088";"20";"342.999";"10";"0.0346748";"-0.991199";"2.22661";"10.3813";"0";"1598173058522"
"9518";"35.6929";"-0.650095";"3.35127";"20";"342.71";"10";"0.0101487";"0.296881";"1.99198";"9.97424";"0";"1598173059529"
"9519";"35.6929";"-0.650109";"3.52522";"20";"342.773";"10";"0.0218693";"-0.488417";"2.35111";"10.5536";"0";"1598173060524"
"9520";"35.693";"-0.65012";"3.68938";"20";"343.078";"10";"0.00396681";"-0.35913";"2.04944";"9.39006";"0";"1598173061535"
"9521";"35.693";"-0.650135";"3.76101";"20";"341.235";"10";"0.0249024";"0.0622492";"2.05901";"10.1131";"0";"1598173062541"
"9522";"35.693";"-0.650152";"3.94326";"20";"339.505";"10";"0.0240153";"-0.215478";"2.12605";"9.17458";"0";"1598173063525"
"9523";"35.6931";"-0.650174";"4.11092";"20";"338.589";"10";"0.00399677";"-0.0143652";"2.09732";"8.90164";"0";"1598173064517"
"9524";"35.6931";"-0.650193";"4.29949";"20";"341.488";"10";"0.0544319";"0.244209";"1.51792";"11.2958";"0";"1598173065523"
"9525";"35.6931";"-0.650208";"4.22396";"20";"341.922";"10";"0.077833";"0.047884";"1.63285";"9.03572";"0";"1598173066521"
"9526";"35.6932";"-0.650221";"4.00325";"20";"344.288";"10";"0.0200612";"-0.464475";"2.48997";"9.34218";"0";"1598173067534"
"9527";"35.6932";"-0.650228";"3.88196";"20";"347.331";"10";"0.014118";"0.474052";"1.82438";"9.11712";"0";"1598173068534"
"9528";"35.6932";"-0.650236";"3.95294";"20";"347.162";"10";"0.0112305";"0.612916";"1.01514";"10.2807";"0";"1598173069530"
"9529";"35.6933";"-0.650244";"3.89464";"20";"345.742";"10";"0.0313148";"-0.526724";"0.54109";"10.5776";"0";"1598173070508"
"9530";"35.6933";"-0.650252";"3.32295";"20";"345.912";"10";"0.0338573";"-0.464475";"0.761356";"9.64863";"0";"1598173071538"
"9531";"35.6933";"-0.650258";"2.24708";"20";"347.133";"10";"0.0090299";"-0.0670376";"1.11091";"9.88805";"0";"1598173072527"
"9532";"35.6933";"-0.65026";"1.09401";"20";"347.441";"10";"0.0510995";"0.268151";"1.53708";"10.3908";"0";"1598173073539"
"9533";"35.6933";"-0.650262";"0.35458";"20";"335.528";"10";"0.0190492";"-0.158017";"1.74298";"10.094";"0";"1598173074528"
"9534";"35.6933";"-0.650261";"0.0435905";"20";"244.427";"10";"0.0271469";"0.282516";"1.88663";"9.97424";"0";"1598173075526"
"9535";"35.6933";"-0.650261";"0.0825178";"20";"180";"10";"0.0192361";"-0.0814029";"1.7765";"9.72525";"0";"1598173076534"
"9536";"35.6933";"-0.650261";"0.0579616";"20";"180";"10";"0.0118402";"-0.023942";"1.81959";"9.55287";"0";"1598173077531"
"9537";"35.6933";"-0.650261";"0.0266212";"20";"180";"10";"0.0163629";"-0.550666";"1.96803";"9.76355";"0";"1598173078519"
"9538";"35.6933";"-0.650261";"0.00793201";"20";"180";"10";"0.0374356";"-0.368707";"2.1069";"9.84975";"0";"1598173079529"
"9539";"35.6933";"-0.650261";"0.000664521";"20";"180";"10";"0.0211037";"-0.3304";"2.24576";"9.72046";"0";"1598173080508"
"9540";"35.6933";"-0.650261";"0.00117213";"20";"0";"10";"0.0257172";"0.248997";"1.7765";"9.9503";"0";"1598173081528"
"9541";"35.6933";"-0.650261";"0.00100354";"20";"0";"10";"0.00784296";"-0.023942";"1.66158";"9.68215";"0";"1598173082532"
"9542";"35.6933";"-0.650261";"0.000509311";"20";"0";"10";"0.031051";"-0.110133";"1.74298";"9.83538";"0";"1598173083538"
"9543";"35.6933";"-0.650261";"0.000178624";"20";"0";"10";"0.00761155";"-0.225055";"2.15478";"10.0652";"0";"1598173084521"
"9544";"35.6933";"-0.650261";"2.88222e-05";"20";"0";"10";"0.0129923";"0.0909797";"1.92973";"9.81144";"0";"1598173085530"
"9545";"35.6933";"-0.650261";"1.44768e-05";"20";"180";"10";"0.0107644";"0.167594";"1.76213";"9.70131";"0";"1598173086533"
"9546";"35.6933";"-0.650261";"1.68593e-05";"20";"180";"10";"0.0186444";"-0.287304";"1.77171";"9.68694";"0";"1598173087492"
"9547";"35.6933";"-0.650261";"9.42697e-06";"20";"180";"10";"0.0276257";"-0.191536";"1.76692";"9.73482";"0";"1598173088568"
"9548";"35.6933";"-0.650261";"3.73891e-06";"20";"180";"10";"0.0241588";"-0.349553";"2.14042";"9.67736";"0";"1598173089532"
"9549";"35.6933";"-0.650261";"8.44259e-07";"20";"180";"10";"0.0304305";"-0.220267";"2.09253";"9.75398";"0";"1598173090527"
"9550";"35.6933";"-0.650261";"1.21272e-07";"20";"0";"10";"0.0270765";"0.23942";"2.03028";"9.63427";"0";"1598173091530"
"9551";"35.6933";"-0.650261";"2.64611e-07";"20";"0";"10";"0.0117998";"-0.167594";"1.8148";"9.5385";"0";"1598173092541"
"9552";"35.6933";"-0.650261";"1.73102e-07";"20";"0";"10";"0.01867";"0.0670376";"2.08774";"9.39485";"0";"1598173093524"
"9553";"35.6933";"-0.650261";"7.52448e-08";"20";"0";"10";"0.0269706";"0.215478";"1.89142";"9.51456";"0";"1598173094526"
"9554";"35.6933";"-0.650261";"2.12844e-08";"20";"0";"10";"0.0159123";"-0.646434";"1.74777";"9.64863";"0";"1598173095530"
"9555";"35.6933";"-0.650262";"0.881786";"20";"348.01";"10";"0.0317082";"-0.560243";"2.16436";"9.85453";"0";"1598173096523"
"9556";"35.6933";"-0.650266";"1.35715";"20";"349.477";"10";"0.0602033";"0.162806";"2.39899";"9.75398";"0";"1598173097520"
"9557";"35.6933";"-0.65027";"1.71557";"20";"351.736";"10";"0.0125156";"-0.373495";"1.84832";"9.56723";"0";"1598173098528"
"9558";"35.6934";"-0.650274";"2.01957";"20";"349.579";"10";"0.0235491";"-0.023942";"2.33195";"9.56723";"0";"1598173099523"
"9559";"35.6934";"-0.650279";"2.19476";"20";"346.958";"10";"0.0220214";"0.531513";"1.97282";"9.35175";"0";"1598173100532"
"9560";"35.6934";"-0.650287";"2.33848";"20";"345.895";"10";"0.0107975";"0.0047884";"2.30322";"9.44752";"0";"1598173101542"
"9561";"35.6934";"-0.650295";"2.53176";"20";"343.674";"10";"0.064671";"0.292093";"2.36068";"9.39964";"0";"1598173102549"
"9562";"35.6935";"-0.650303";"2.61088";"20";"345.829";"10";"0.0136893";"-0.311246";"2.42293";"9.98861";"0";"1598173103540"
"9563";"35.6935";"-0.650309";"2.68851";"20";"350.08";"10";"0.0400629";"-0.723049";"1.95367";"11.0277";"0";"1598173104525"
"9564";"35.6935";"-0.650314";"2.67781";"20";"349.286";"10";"0.0416788";"0.339977";"2.85389";"9.46667";"0";"1598173105538"
"9565";"35.6935";"-0.650321";"2.87293";"20";"345.943";"10";"0.00878907";"-0.593762";"1.76692";"9.79707";"0";"1598173106538"
"9566";"35.6936";"-0.650331";"3.14978";"20";"343.923";"10";"0.0297291";"0.129287";"2.14042";"9.96946";"0";"1598173107528"
"9567";"35.6936";"-0.650342";"3.34327";"20";"344.604";"10";"0.0367867";"-0.363919";"2.35589";"10.4483";"0";"1598173108531"
"9568";"35.6936";"-0.65035";"3.47676";"20";"346.523";"10";"0.0327804";"-0.411803";"2.22661";"10.7021";"0";"1598173109539"
"9569";"35.6937";"-0.650356";"3.57207";"20";"347.571";"10";"0.0172149";"0.158017";"2.25055";"10.6015";"0";"1598173110499"
"9570";"35.6937";"-0.650366";"3.61185";"20";"344.907";"10";"0.0255917";"-0.656011";"1.91536";"8.68138";"0";"1598173111531"
"9571";"35.6937";"-0.650379";"3.60375";"20";"340.555";"10";"0.017914";"-0.148441";"1.7765";"8.69574";"0";"1598173112528"
"9572";"35.6937";"-0.650392";"3.72489";"20";"340.009";"10";"0.0222315";"-1.58496";"2.17872";"10.5584";"0";"1598173113534"
"9573";"35.6938";"-0.650403";"3.75967";"20";"342.564";"10";"0.0228659";"0.54109";"1.91536";"9.09797";"0";"1598173114554"
"9574";"35.6938";"-0.650416";"3.9098";"20";"342.66";"10";"0.0336914";"-0.023942";"1.96803";"9.87848";"0";"1598173115529"
"9575";"35.6939";"-0.650427";"4.3385";"20";"343.24";"10";"0.00565226";"0.402226";"2.40378";"10.7308";"0";"1598173116539"
"9576";"35.6939";"-0.650436";"4.38378";"20";"343.464";"10";"0.0051905";"0.253785";"2.19788";"8.64307";"0";"1598173117548"
"9577";"35.6939";"-0.650448";"4.54894";"20";"343.987";"10";"0.0209222";"-0.0670376";"2.02071";"9.1267";"0";"1598173118545"
"9578";"35.694";"-0.650462";"4.76691";"20";"344.987";"10";"0.0343918";"0.134075";"2.51391";"10.5536";"0";"1598173119524"
"9579";"35.694";"-0.650478";"4.76788";"20";"343.669";"10";"0.0161133";"-0.177171";"2.2697";"10.4818";"0";"1598173120546"
"9580";"35.6941";"-0.650492";"4.72393";"20";"343.772";"10";"0.020716";"-0.110133";"2.50912";"9.04529";"0";"1598173121532"
"9581";"35.6941";"-0.650506";"4.60571";"20";"341.774";"10";"0.0251926";"-0.608127";"2.29365";"9.93115";"0";"1598173122541"
"9582";"35.6941";"-0.650518";"4.85872";"20";"341.991";"10";"0.0228399";"0.0335188";"1.96803";"10.0892";"0";"1598173123530"
"9583";"35.6942";"-0.650535";"4.98058";"20";"340.644";"10";"0.0590982";"-0.0143652";"2.40857";"8.14507";"0";"1598173124522"
"9584";"35.6942";"-0.650551";"5.02909";"20";"340.338";"10";"0.0190116";"-0.0574608";"2.4373";"9.59117";"0";"1598173125537"
"9585";"35.6943";"-0.650568";"5.19152";"20";"341.43";"10";"0.0283119";"-0.129287";"2.4756";"10.3334";"0";"1598173126534"
"9586";"35.6943";"-0.650587";"5.2286";"20";"340.945";"10";"0.0288541";"0.545878";"2.00155";"9.80665";"0";"1598173127527"
"9587";"35.6944";"-0.650606";"5.34934";"20";"341.633";"10";"0.0288541";"-0.191536";"2.38941";"9.34218";"0";"1598173128524"
"9588";"35.6944";"-0.650626";"5.40209";"20";"341.221";"10";"0.0215453";"-0.071826";"2.46124";"9.23683";"0";"1598173129527"
"9589";"35.6945";"-0.650648";"5.57444";"20";"340.714";"10";"0.0542696";"0.0526724";"1.69509";"9.0836";"0";"1598173130541"
"9590";"35.6945";"-0.650667";"5.55096";"20";"342.205";"10";"0.0346955";"-0.708684";"1.08218";"8.9208";"0";"1598173131531"
"9591";"35.6946";"-0.65068";"5.19492";"20";"344.49";"10";"0.0567268";"0.282516";"0.962469";"9.69173";"0";"1598173132543"
"9592";"35.6946";"-0.650691";"4.39091";"20";"345.507";"10";"0.0518292";"-0.272939";"2.37026";"11.2097";"0";"1598173133531"
"9593";"35.6946";"-0.650701";"3.71571";"20";"344.459";"10";"0.0341867";"-0.665588";"2.1883";"8.7963";"0";"1598173134545"
"9594";"35.6946";"-0.65071";"3.69794";"20";"342.299";"10";"0.0385278";"0.344765";"3.10289";"10.4531";"0";"1598173135535"
"9595";"35.6947";"-0.650726";"4.21288";"20";"342.658";"10";"0.0392178";"-0.0191536";"2.67672";"9.89284";"0";"1598173136519"
"9596";"35.6947";"-0.650744";"5.05221";"20";"343.339";"10";"0.0614653";"0.110133";"2.71024";"9.78271";"0";"1598173137525"
"9597";"35.6948";"-0.650764";"5.73325";"20";"343.359";"10";"0.0214121";"-0.320823";"3.39977";"9.98861";"0";"1598173138521"
"9598";"35.6948";"-0.650786";"6.19461";"20";"342.249";"10";"0.0511088";"-0.191536";"2.77727";"8.89207";"0";"1598173139478"
"9599";"35.6949";"-0.65081";"6.81588";"20";"342.002";"10";"0.027182";"0.507571";"2.59053";"9.81623";"0";"1598173140503"
"9600";"35.695";"-0.650837";"7.46656";"20";"340.844";"10";"0.0427072";"0.349553";"2.07817";"9.31344";"0";"1598173141508"
"9601";"35.695";"-0.650868";"7.65173";"20";"339.873";"10";"0.0185547";"0.890643";"1.97282";"10.2855";"0";"1598173142499"
"9602";"35.6951";"-0.650897";"7.37612";"20";"340.465";"10";"0.0707216";"-1.10133";"2.33195";"10.4244";"0";"1598173143494"
"9603";"35.6952";"-0.65092";"7.46166";"20";"342.47";"10";"0.0188921";"-0.402226";"2.29365";"9.0836";"0";"1598173144493"
"9604";"35.6952";"-0.650944";"7.27749";"20";"343.142";"10";"0.0265923";"0.124498";"1.79565";"10.3046";"0";"1598173145513"
"9605";"35.6953";"-0.65097";"7.03148";"20";"342.098";"10";"0.014575";"0.555455";"1.39343";"9.51456";"0";"1598173146506"
"9606";"35.6953";"-0.650993";"6.69332";"20";"342.083";"10";"0.0410679";"0.521936";"1.65679";"9.68215";"0";"1598173147513"
"9607";"35.6954";"-0.651014";"6.65961";"20";"342.628";"10";"0.0269353";"0.0526724";"1.83396";"9.75877";"0";"1598173148505"
"9608";"35.6955";"-0.651039";"6.49375";"20";"341.114";"10";"0.0152231";"-0.225055";"2.04465";"8.99741";"0";"1598173149510"
"9609";"35.6955";"-0.651061";"6.18162";"20";"341.262";"10";"0.0478839";"0.799663";"2.20745";"10.6207";"0";"1598173150509"
"9610";"35.6956";"-0.651083";"5.96466";"20";"342.116";"10";"0.0536132";"-0.608127";"2.65278";"9.6199";"0";"1598173151511"
"9611";"35.6956";"-0.651103";"5.83099";"20";"343.184";"10";"0.0890989";"-0.292093";"1.8148";"9.67736";"0";"1598173152542"
"9612";"35.6957";"-0.651121";"5.55433";"20";"344.858";"10";"0.0638996";"-0.828394";"1.99198";"6.25844";"0";"1598173153530"
"9613";"35.6957";"-0.651137";"5.30372";"20";"344.834";"10";"0.0632094";"-1.39821";"4.18506";"9.52413";"1";"1598173154513"
"9614";"35.6957";"-0.651154";"5.15178";"20";"343.196";"10";"0.10468";"-0.177171";"4.72137";"12.7898";"1";"1598173155520"
"9615";"35.6958";"-0.651174";"4.99493";"20";"340.815";"10";"0.0518498";"0.148441";"4.02705";"9.35654";"0";"1598173156532"
"9616";"35.6958";"-0.651192";"5.22573";"20";"342.535";"10";"0.0831714";"-0.727837";"3.06937";"8.61434";"0";"1598173157521"
"9617";"35.6959";"-0.651209";"5.70725";"20";"342.658";"10";"0.0115135";"0.694318";"2.87783";"9.45231";"0";"1598173158541"
"9618";"35.6959";"-0.651226";"6.21409";"20";"343.957";"10";"0.0115652";"-0.665588";"2.60489";"9.13148";"0";"1598173159521"
"9619";"35.696";"-0.651243";"6.57099";"20";"345.99";"10";"0.0525578";"0.114922";"1.26893";"9.28471";"0";"1598173160522"
"9620";"35.6961";"-0.651263";"6.93054";"20";"344.78";"10";"0.00837228";"0.526724";"2.00155";"9.76355";"0";"1598173161532"
"9621";"35.6961";"-0.651283";"6.96591";"20";"343.953";"10";"0.0135844";"-0.411803";"1.9824";"8.82982";"0";"1598173162541"
"9622";"35.6962";"-0.651304";"6.73834";"20";"341.849";"10";"0.0285425";"0.0191536";"1.69988";"8.6718";"0";"1598173163541"
"9623";"35.6962";"-0.651327";"6.41266";"20";"340.068";"10";"0.0641472";"0.349553";"1.60412";"10.1945";"0";"1598173164518"
"9624";"35.6963";"-0.651351";"6.04714";"20";"338.931";"10";"0.0309279";"0.047884";"1.78129";"9.663";"0";"1598173165520"
"9625";"35.6963";"-0.651367";"5.28224";"20";"342.054";"10";"0.0110916";"-0.244209";"2.34153";"10.908";"0";"1598173166527"
"9626";"35.6964";"-0.651378";"4.7049";"20";"344.25";"10";"0.0467986";"-0.172383";"1.69031";"8.76757";"0";"1598173167546"
"9627";"35.6964";"-0.651387";"4.16844";"20";"344.241";"10";"0.0217107";"0.0766145";"2.44687";"9.21768";"0";"1598173168566"
"9628";"35.6964";"-0.6514";"3.82975";"20";"341.026";"10";"0.0204904";"-0.177171";"2.65756";"9.20331";"0";"1598173169512"
"9629";"35.6964";"-0.651412";"3.63517";"20";"342.023";"10";"0.0271732";"-0.258574";"2.2314";"9.7875";"0";"1598173170534"
"9630";"35.6965";"-0.65142";"3.41325";"20";"345.359";"10";"0.0250931";"0.0191536";"1.79086";"10.0365";"0";"1598173171526"
"9631";"35.6965";"-0.651428";"3.18225";"20";"347.202";"10";"0.00851347";"-0.699107";"1.9824";"9.27993";"0";"1598173172537"
"9632";"35.6965";"-0.651436";"2.56133";"20";"345.828";"10";"0.0206122";"-0.3304";"2.89698";"8.65743";"0";"1598173173525"
"9633";"35.6965";"-0.651443";"2.12606";"20";"347.295";"10";"0.015987";"0.143652";"3.51469";"9.77313";"0";"1598173174529"
"9634";"35.6966";"-0.651448";"1.93848";"20";"347.13";"10";"0.042278";"0.00957681";"3.95043";"8.14029";"0";"1598173175523"
"9635";"35.6966";"-0.651455";"2.02022";"20";"346.342";"10";"0.044797";"0.847547";"2.15478";"6.79474";"0";"1598173176525"
"9636";"35.6966";"-0.651465";"2.36686";"20";"340.883";"10";"0.0263129";"-0.383072";"2.1883";"9.09318";"0";"1598173177521"
"9637";"35.6966";"-0.651479";"2.85412";"20";"337.424";"10";"0.0686569";"-0.603339";"3.93128";"10.2999";"0";"1598173178519"
"9638";"35.6966";"-0.651492";"3.21794";"20";"339.86";"10";"0.0503711";"0.268151";"3.4668";"9.2895";"0";"1598173179524"
"9639";"35.6967";"-0.651504";"3.75142";"20";"341.529";"10";"0.0303992";"0.914585";"2.89698";"7.77637";"0";"1598173180516"
"9640";"35.6967";"-0.651517";"4.34068";"20";"342.279";"10";"0.0366471";"1.24977";"2.84431";"9.87848";"0";"1598173181538"
"9641";"35.6968";"-0.651524";"4.59754";"20";"351.772";"10";"0.0159497";"1.403";"2.31759";"8.68138";"0";"1598173182534"
"9642";"35.6968";"-0.651524";"4.88449";"20";"2.41777";"10";"0.0200493";"0.565032";"1.74777";"9.87848";"0";"1598173183517"
"9643";"35.6969";"-0.651517";"4.64104";"20";"6.25535";"10";"0.0210074";"0.138864";"2.00155";"9.76834";"0";"1598173184537"
"9644";"35.6969";"-0.651507";"4.17157";"20";"7.80693";"10";"0.00989899";"0.584185";"1.97761";"10.1035";"0";"1598173185508"
"9645";"35.6969";"-0.651497";"3.73062";"20";"10.9735";"10";"0.0277677";"0.785298";"2.33195";"9.29429";"0";"1598173186523"
"9646";"35.6969";"-0.651486";"3.61791";"20";"15.0415";"10";"0.0143691";"0.502782";"2.5187";"11.0852";"0";"1598173187538"
"9647";"35.697";"-0.651473";"3.59913";"20";"16.917";"10";"0.0229596";"1.06781";"2.1883";"10.1275";"0";"1598173188527"
"9648";"35.697";"-0.651462";"3.55343";"20";"16.4286";"10";"0.0238009";"-0.493206";"2.75812";"9.414";"0";"1598173189527"
"9649";"35.697";"-0.651454";"3.58426";"20";"14.5994";"10";"0.0340294";"-1.4461";"2.806";"9.70131";"0";"1598173190538"
"9650";"35.6971";"-0.651447";"3.50403";"20";"14.413";"10";"0.0160688";"-0.392649";"2.3942";"9.34218";"0";"1598173191524"
"9651";"35.6971";"-0.651439";"3.49457";"20";"13.3499";"10";"0.0387223";"-0.627281";"2.73418";"9.7875";"0";"1598173192538"
"9652";"35.6971";"-0.651431";"3.62868";"20";"12.9448";"10";"0.0324698";"-0.426168";"2.81558";"9.45231";"0";"1598173193538"
"9653";"35.6972";"-0.651423";"3.75073";"20";"11.999";"10";"0.0352308";"-0.45011";"2.65278";"9.36612";"0";"1598173194529"
"9654";"35.6972";"-0.651413";"3.81616";"20";"11.5879";"10";"0.0561226";"-0.42138";"2.90656";"10.3046";"0";"1598173195532"
"9655";"35.6972";"-0.651403";"3.73128";"20";"12.4707";"10";"0.0182764";"0.512359";"2.51391";"10.2711";"0";"1598173196530"
"9656";"35.6973";"-0.651391";"3.67662";"20";"14.1867";"10";"0.0223279";"-0.0861913";"2.49476";"9.52413";"0";"1598173197532"
"9657";"35.6973";"-0.651381";"3.5371";"20";"13.7207";"10";"0.0166518";"-0.483629";"2.73897";"9.98382";"0";"1598173198521"
"9658";"35.6973";"-0.65137";"3.76468";"20";"12.8373";"10";"0.0251311";"-0.0909797";"1.99676";"9.21768";"0";"1598173199523"
"9659";"35.6974";"-0.651359";"4.00189";"20";"12.3637";"10";"0.0603121";"-0.0622492";"2.49476";"9.73482";"0";"1598173200523"
"9660";"35.6974";"-0.651345";"4.00814";"20";"11.7552";"10";"0.00439453";"-0.0143652";"1.99198";"8.95431";"0";"1598173201528"
"9661";"35.6974";"-0.651333";"3.83226";"20";"11.464";"10";"0.0203503";"-0.47884";"2.4756";"9.16979";"0";"1598173202528"
"9662";"35.6975";"-0.651321";"3.65583";"20";"11.7577";"10";"0.0236047";"-0.186748";"2.29843";"9.66779";"0";"1598173203523"
"9663";"35.6975";"-0.651311";"3.50739";"20";"12.3316";"10";"0.0119604";"-0.143652";"2.60489";"9.01178";"0";"1598173204536"
"9664";"35.6975";"-0.651299";"3.48831";"20";"13.839";"10";"0.00485836";"-0.201113";"2.55222";"8.93037";"0";"1598173205528"
"9665";"35.6976";"-0.651289";"3.57079";"20";"14.5983";"10";"0.0141854";"-0.110133";"1.63763";"9.22246";"0";"1598173206536"
"9666";"35.6976";"-0.651278";"3.40778";"20";"15.9158";"10";"0.0294713";"-0.474052";"1.88663";"9.17937";"0";"1598173207539"
"9667";"35.6976";"-0.651268";"3.1247";"20";"14.9547";"10";"0.0191864";"0.378284";"2.81079";"9.40921";"0";"1598173208529"
"9668";"35.6976";"-0.651261";"3.00295";"20";"13.9826";"10";"0.0143774";"-0.248997";"2.55701";"10.161";"0";"1598173209533"
"9669";"35.6977";"-0.651252";"2.95837";"20";"11.409";"10";"0.0041432";"0.191536";"2.04944";"9.8689";"0";"1598173210545"
"9670";"35.6977";"-0.651243";"3.04893";"20";"12.5051";"10";"0.0194027";"0.751779";"2.5618";"9.54808";"0";"1598173211531"
"9671";"35.6977";"-0.651232";"3.19493";"20";"15.3708";"10";"0.0345543";"0.766145";"1.86748";"8.91601";"0";"1598173212557"
"9672";"35.6978";"-0.651221";"3.31749";"20";"14.4797";"10";"0.0262585";"-0.335188";"2.66235";"8.70532";"0";"1598173213532"
"9673";"35.6978";"-0.651211";"3.46386";"20";"17.1206";"10";"0.0309279";"-0.292093";"1.36469";"11.2384";"0";"1598173214535"
"9674";"35.6978";"-0.651198";"3.39645";"20";"18.1249";"10";"0.0214288";"0.177171";"2.83952";"10.4196";"0";"1598173215558"
"9675";"35.6978";"-0.65119";"3.25166";"20";"16.9454";"10";"0.0211432";"0.3304";"2.90177";"10.0317";"0";"1598173216542"
"9676";"35.6979";"-0.651179";"3.61777";"20";"18.1652";"10";"0.0238009";"1.00556";"2.46124";"9.83059";"0";"1598173217524"
"9677";"35.6979";"-0.651164";"4.35395";"20";"19.6251";"10";"0.0478715";"-0.42138";"3.06458";"9.24162";"0";"1598173218546"
"9678";"35.698";"-0.651151";"5.42332";"20";"15.0821";"10";"0.050255";"-0.679953";"3.65355";"9.54808";"0";"1598173219535"
"9679";"35.698";"-0.651137";"6.0032";"20";"13.224";"10";"0.050409";"2.25534";"1.59454";"7.92002";"0";"1598173220542"
"9680";"35.6981";"-0.651123";"6.82619";"20";"12.1719";"10";"0.0259617";"-0.00957681";"2.88262";"10.0509";"0";"1598173221527"
"9681";"35.6982";"-0.651103";"7.27894";"20";"14.0086";"10";"0.00759587";"-1.03908";"2.12126";"8.98304";"0";"1598173222525"
"9682";"35.6982";"-0.651082";"7.39951";"20";"14.1255";"10";"0.0148826";"0.00957681";"1.652";"9.44273";"0";"1598173223522"
"9683";"35.6983";"-0.651062";"7.34922";"20";"14.8594";"10";"0.0377464";"-0.263362";"2.07338";"9.0836";"0";"1598173224530"
"9684";"35.6983";"-0.651042";"6.9537";"20";"15.0167";"10";"0.0242966";"0.0191536";"2.10211";"9.03572";"0";"1598173225531"
"9685";"35.6984";"-0.651029";"6.53191";"20";"10.7429";"10";"0.0244141";"0.196325";"2.38941";"10.7739";"0";"1598173226510"
"9686";"35.6985";"-0.651018";"6.17045";"20";"10.4693";"10";"0.0059802";"-0.68953";"2.27928";"8.99741";"0";"1598173227533"
"9687";"35.6985";"-0.651008";"5.97803";"20";"10.629";"10";"0.032693";"0.957681";"1.66636";"8.28394";"0";"1598173228538"
"9688";"35.6986";"-0.650989";"5.93576";"20";"13.9097";"10";"0.0234477";"1.17795";"2.18351";"9.79707";"0";"1598173229531"
"9689";"35.6986";"-0.650958";"6.00002";"20";"21.04";"10";"0.0206411";"1.58975";"1.4461";"8.86333";"0";"1598173230532"
"9690";"35.6987";"-0.650923";"5.75289";"20";"27.655";"10";"0.0761891";"-0.943315";"2.69108";"12.3445";"0";"1598173231537"
"9691";"35.6987";"-0.650884";"5.2872";"20";"35.5429";"10";"0.0140248";"-0.68953";"2.36547";"6.84263";"0";"1598173232530"
"9692";"35.6987";"-0.650841";"5.0648";"20";"43.3022";"10";"0.0689532";"-0.579397";"2.4373";"9.4571";"0";"1598173233524"
"9693";"35.6988";"-0.650795";"5.15942";"20";"47.9318";"10";"0.0185547";"-1.16358";"2.29365";"10.1562";"0";"1598173234534"
"9694";"35.6988";"-0.650732";"5.80256";"20";"54.095";"10";"0.0294915";"0.474052";"2.28407";"10.4339";"0";"1598173235530"
"9695";"35.6988";"-0.650671";"6.01842";"20";"55.4911";"10";"0.0221832";"-0.59855";"1.97282";"9.69173";"0";"1598173236552"
"9696";"35.6988";"-0.650616";"5.65052";"20";"58.5076";"10";"0.0330952";"-0.378284";"2.34153";"9.31823";"0";"1598173237515"
"9697";"35.6989";"-0.650567";"5.23347";"20";"57.1859";"10";"0.0344506";"-0.742203";"2.62883";"9.33739";"0";"1598173238527"
"9698";"35.6989";"-0.650527";"4.71739";"20";"54.5806";"10";"0.0137415";"-0.129287";"2.49476";"10.0221";"0";"1598173239544"
"9699";"35.6989";"-0.650486";"4.59616";"20";"55.5895";"10";"0.0336914";"-0.665588";"2.94966";"9.36612";"0";"1598173240536"
"9700";"35.6989";"-0.650445";"4.70277";"20";"53.9983";"10";"0.044439";"-0.469264";"2.90177";"10.5967";"0";"1598173241514"
"9701";"35.699";"-0.650401";"5.07352";"20";"50.8472";"10";"0.0234375";"-0.234632";"2.77727";"8.84418";"0";"1598173242522"
"9702";"35.699";"-0.650355";"5.18224";"20";"50.25";"10";"0.0527547";"-0.617704";"3.02627";"9.09797";"0";"1598173243535"
"9703";"35.699";"-0.650307";"5.37703";"20";"51.5512";"10";"0.0450993";"-0.349553";"2.91135";"10.5105";"0";"1598173244525"
"9704";"35.6991";"-0.650251";"6.00898";"20";"51.4614";"10";"0.0135844";"0.071826";"1.50356";"9.33739";"0";"1598173245538"
"9705";"35.6991";"-0.650196";"6.26224";"20";"50.2236";"10";"0.0299488";"-0.459687";"2.09732";"9.78271";"0";"1598173246524"
"9706";"35.6991";"-0.650142";"6.15058";"20";"49.9319";"10";"0.0279133";"0.876278";"2.36068";"12.3876";"0";"1598173247563"
"9707";"35.6992";"-0.650094";"5.83072";"20";"49.5592";"10";"0.00761155";"-0.909797";"1.75256";"11.3868";"0";"1598173248521"
"9708";"35.6992";"-0.650046";"5.69879";"20";"47.9022";"10";"0.0393604";"0.100556";"2.28407";"9.40921";"0";"1598173249549"
"9709";"35.6992";"-0.649993";"5.93703";"20";"48.3634";"10";"0.0163702";"-0.339977";"1.99198";"10.0365";"0";"1598173250525"
"9710";"35.6993";"-0.649942";"5.76294";"20";"49.2705";"10";"0.0427127";"-0.23942";"1.40779";"9.59117";"0";"1598173251523"
"9711";"35.6993";"-0.649889";"5.34068";"20";"56.5295";"10";"0.0359609";"-0.59855";"2.13563";"10.1658";"0";"1598173252539"
"9712";"35.6993";"-0.649851";"4.50017";"20";"56.619";"10";"0.0198581";"-2.30322";"2.30801";"9.79228";"0";"1598173253533"
"9713";"35.6993";"-0.649821";"4.04089";"20";"46.5157";"10";"0.0434625";"0.268151";"2.1452";"10.0269";"0";"1598173254542"
"9714";"35.6994";"-0.6498";"3.55687";"20";"31.9752";"10";"0.0728243";"0.392649";"2.56658";"9.28471";"0";"1598173255528"
"9715";"35.6994";"-0.64979";"3.58367";"20";"16.9971";"10";"0.0119903";"-0.0766145";"3.34709";"9.89763";"0";"1598173256513"
"9716";"35.6994";"-0.649787";"3.18948";"20";"3.91662";"10";"0.0171525";"1.36948";"2.75333";"8.69095";"0";"1598173257534"
"9717";"35.6995";"-0.649787";"3.05829";"20";"1.16313";"10";"0.00483373";"0.718261";"2.27928";"9.01656";"0";"1598173258527"
"9718";"35.6995";"-0.649788";"3.12312";"20";"1.87863";"10";"0.0159497";"1.8148";"2.49955";"9.11712";"0";"1598173259520"
"9719";"35.6995";"-0.649787";"3.45682";"20";"6.61007";"10";"0.0169568";"1.56581";"2.46124";"9.88805";"0";"1598173260528"
"9720";"35.6996";"-0.649783";"4.31661";"20";"9.21922";"10";"0.0343918";"1.00078";"2.83952";"9.48583";"0";"1598173261534"
"9721";"35.6996";"-0.649774";"4.64348";"20";"11.5926";"10";"0.0166374";"0.861913";"2.75812";"8.58561";"0";"1598173262509"
"9722";"35.6996";"-0.649761";"4.60591";"20";"15.2682";"10";"0.0203503";"1.29766";"1.96803";"9.44273";"0";"1598173263525"
"9723";"35.6997";"-0.649752";"4.32822";"20";"15.4908";"10";"0.094993";"1.37427";"1.42694";"9.0836";"0";"1598173264519"
"9724";"35.6997";"-0.649751";"4.19095";"20";"9.61366";"10";"0.0398421";"1.403";"1.35991";"8.55688";"0";"1598173265533"
"9725";"35.6998";"-0.649745";"3.71239";"20";"9.05038";"10";"0.0639201";"1.02951";"0.694318";"10.6446";"0";"1598173266532"
"9726";"35.6998";"-0.64974";"2.90307";"20";"6.41907";"10";"0.0379574";"1.10612";"3.13162";"9.59117";"0";"1598173267528"
"9727";"35.6998";"-0.649731";"2.41056";"20";"12.1012";"10";"0.146649";"3.78284";"2.25534";"10.3669";"0";"1598173268544"
"9728";"35.6998";"-0.649716";"2.23006";"20";"24.4508";"10";"0.0195374";"0.890643";"2.33195";"9.92636";"0";"1598173269521"
"9729";"35.6998";"-0.649703";"1.80624";"20";"33.3484";"10";"0.0417388";"1.37906";"1.57538";"10.6015";"0";"1598173270517"
"9730";"35.6998";"-0.649697";"1.6956";"20";"24.7711";"10";"0.0167517";"1.79565";"1.31681";"9.43794";"0";"1598173271533"
"9731";"35.6999";"-0.649697";"1.66381";"20";"15.0582";"10";"0.00818508";"1.79565";"1.21625";"9.81144";"0";"1598173272525"
"9732";"35.6999";"-0.649696";"1.59847";"20";"10.5925";"10";"0.046307";"1.12527";"2.36068";"9.56244";"0";"1598173273528"
"9733";"35.6999";"-0.649697";"1.20209";"20";"4.69968";"10";"0.0156402";"1.09176";"2.53307";"9.40442";"0";"1598173274523"
"9734";"35.6999";"-0.6497";"0.960826";"20";"357.724";"10";"0.0166589";"1.82917";"2.33195";"9.73004";"0";"1598173275537"
"9735";"35.6999";"-0.649705";"0.576604";"20";"346.257";"10";"0.0221187";"1.11091";"2.61447";"9.40442";"0";"1598173276541"
"9736";"35.6999";"-0.649707";"0.568298";"20";"359.453";"10";"0.0247872";"0.387861";"2.38462";"8.19296";"0";"1598173277527"
"9737";"35.6999";"-0.649706";"0.649347";"20";"7.41036";"10";"0.0158297";"0.847547";"1.99198";"9.81623";"0";"1598173278516"
"9738";"35.6999";"-0.64971";"0.73953";"20";"351.957";"10";"0.0247439";"0.790087";"1.99676";"10.0556";"0";"1598173279514"
"9739";"35.6999";"-0.649716";"0.603394";"20";"339.332";"10";"0.0167089";"0.732626";"2.08296";"9.7875";"0";"1598173280525"
"9740";"35.6999";"-0.649718";"0.249403";"20";"0";"10";"0.0265295";"0.488417";"2.14999";"10.0078";"0";"1598173281528"
"9741";"35.6999";"-0.649718";"0.0689569";"20";"0";"10";"0.0203503";"0.134075";"2.11647";"9.64863";"0";"1598173282538"
"9742";"35.6999";"-0.649718";"0.00144921";"20";"180";"10";"0.0060397";"0.316035";"2.26491";"10.0509";"0";"1598173283523"
"9743";"35.6999";"-0.649719";"0.0168041";"20";"180";"10";"0.0227876";"0.215478";"2.3128";"9.70131";"0";"1598173284457"
